{
    "variants": {
        "": [
            { "model": "block/redstone_ore_1" },
            { "model": "block/redstone_ore_2" },
            { "model": "block/redstone_ore_3" },
            { "model": "block/redstone_ore_4" },
            { "model": "block/redstone_ore_5" },
            { "model": "block/redstone_ore_6" },
            { "model": "block/redstone_ore_7" },
            { "model": "block/redstone_ore_8" },
            { "model": "block/redstone_ore_9" }
        ]
    }
}
